grupo,titulo,ano,doi,fonte,tipo,situacao,similaridade_resumo,classificacao
1,A Framework Proposal for Diagnostic Evaluation of the Impact of Obstacles in the Implementation of Lean Healthcare,2025,10.1007/978-3-031-77723-3_34,scopus,Book chapter,excluido_tipo,1.0,provável mesma obra
1,A Framework Proposal for Diagnostic Evaluation of the Impact of Obstacles in the Implementation of Lean Healthcare,2025,10.1007/978-3-031-77723-3\_34,wos,Proceedings Paper,excluido_tipo,1.0,provável mesma obra
2,A Lean Approach for Reducing Downtimes in Healthcare: A Case Study,2023,10.1007/978-3-031-25741-4_8,scopus,Conference paper,excluido_tipo,1.0,provável mesma obra
2,A Lean Approach for Reducing Downtimes in Healthcare: A Case Study,2023,10.1007/978-3-031-25741-4\_8,wos,Proceedings Paper,excluido_tipo,1.0,provável mesma obra
3,A machine learning model for triage in lean pediatric emergency departments,2016,10.1007/978-3-319-47955-2_18,scopus,Conference paper,excluido_tipo,1.0,provável mesma obra
3,A Machine Learning Model for Triage in Lean Pediatric Emergency Departments,2016,10.1007/978-3-319-47955-2\_18,wos,Proceedings Paper,excluido_tipo,1.0,provável mesma obra
4,Analysis of the Relationship Between Knowledge Management and Lean Tools During Lean Implementation in Hospitals,2023,10.1007/978-3-031-25741-4_7,scopus,Conference paper,excluido_tipo,1.0,provável mesma obra
4,Analysis of the Relationship Between Knowledge Management and Lean Tools During Lean Implementation in Hospitals,2023,10.1007/978-3-031-25741-4\_7,wos,Proceedings Paper,excluido_tipo,1.0,provável mesma obra
5,An innovative method for standardizing lean management approach in hospitals,2015,10.1007/978-3-319-12967-9_18,scopus,Conference paper,excluido_tipo,1.0,provável mesma obra
5,An Innovative Method for Standardizing Lean Management Approach in Hospitals,2015,10.1007/978-3-319-12967-9\_18,wos,Proceedings Paper,excluido_tipo,1.0,provável mesma obra
6,Application of Heijunka for Surgical Production Leveling,2022,10.1007/978-3-031-14763-0_22,scopus,Conference paper,excluido_tipo,1.0,provável mesma obra
6,Application of Heijunka for Surgical Production Leveling,2022,10.1007/978-3-031-14763-0\_22,wos,Proceedings Paper,excluido_tipo,1.0,provável mesma obra
7,Application of lean six sigma concepts to medicine dispensation of public health centers,2017,10.1007/978-3-319-41652-6_12,scopus,Conference paper,excluido_tipo,0.98,provável mesma obra
7,Application of Lean Six Sigma Concepts to Medicine Dispensation of Public Health Centers,2017,10.1007/978-3-319-41652-6\_12,wos,Proceedings Paper,excluido_tipo,0.98,provável mesma obra
8,Application of process mining and semantic structuring towards a lean healthcare network,2015,10.1007/978-3-319-24141-8_46,scopus,Conference paper,excluido_tipo,1.0,provável mesma obra
8,Application of Process Mining and Semantic Structuring Towards a Lean Healthcare Network,2015,10.1007/978-3-319-24141-8\_46,wos,Proceedings Paper,excluido_tipo,1.0,provável mesma obra
9,Application of VSM for Improving the Medical Processes - Case Study,2021,10.1007/978-3-030-85902-2_44,scopus,Conference paper,excluido_tipo,1.0,provável mesma obra
9,Application of VSM for Improving the Medical Processes - Case Study,2021,10.1007/978-3-030-85902-2\_44,wos,Proceedings Paper,excluido_tipo,1.0,provável mesma obra
10,Applied lean principles in dental practice,2022,10.3290/j.qi.b3149431,pubmed+scopus,Article | Journal Article,triagem,1.0,provável mesma obra
10,Applied lean principles in dental practice,2022,10.3290/j.qi.b3149431),wos,Article,triagem,1.0,provável mesma obra
11,Capacity Management as a Tool for Improving Infrastructure in the Lean Healthcare: A Systematic Review,2021,10.1007/978-3-030-85902-2_32,scopus,Conference paper,excluido_tipo,1.0,provável mesma obra
11,Capacity Management as a Tool for Improving Infrastructure in the Lean Healthcare: A Systematic Review,2021,10.1007/978-3-030-85902-2\_32,wos,Proceedings Paper,excluido_tipo,1.0,provável mesma obra
12,Design of a Network Learning System for the Usage of Surgical Instruments,2020,10.1007/978-3-030-45697-9_17,scopus,Conference paper,excluido_tipo,1.0,provável mesma obra
12,Design of a Network Learning System for the Usage of Surgical Instruments,2020,10.1007/978-3-030-45697-9\_17,wos,Proceedings Paper,excluido_tipo,1.0,provável mesma obra
13,Doing More with Less: Lean Healthcare Implementation in Irish Hospitals,2018,10.1007/978-3-319-62235-4\_6,wos,Article; Book Chapter,triagem,,sem resumo para comparar
13,Doing More with Less: Lean Healthcare Implementation in Irish Hospitals,2018,10.1007/978-3-319-62235-4_6,scopus,Book chapter,excluido_tipo,,sem resumo para comparar
14,Evaluation of Fast-Track Implementation on Emergency Department: A Literature Review,2021,10.1007/978-3-030-85902-2_30,scopus,Conference paper,excluido_tipo,1.0,provável mesma obra
14,Evaluation of Fast-Track Implementation on Emergency Department: A Literature Review,2021,10.1007/978-3-030-85902-2\_30,wos,Proceedings Paper,excluido_tipo,1.0,provável mesma obra
15,Fast Track in Emergency Services an Integrative Review,2021,10.1007/978-3-030-85902-2_26,scopus,Conference paper,excluido_tipo,1.0,provável mesma obra
15,Fast Track in Emergency Services an Integrative Review,2021,10.1007/978-3-030-85902-2\_26,wos,Proceedings Paper,excluido_tipo,1.0,provável mesma obra
16,From New Public Management to New Public Services: Challenges for Hospital Governance and Lean and Hybrid Management,2017,10.1007/978-3-319-44909-8\_8,wos,Article; Book Chapter,triagem,0.92,provável mesma obra
16,From New Public Management to New Public Services: Challenges for Hospital Governance and Lean and Hybrid Management,2017,10.1007/978-3-319-44909-8_8,scopus,Book chapter,excluido_tipo,0.92,provável mesma obra
17,Healthcare management challenges in two university hospitals,2016,10.1504/ijhtm.2016.084129,scopus,Review,triagem,1.0,provável mesma obra
17,Healthcare management challenges in two university hospitals,2016,10.1504/ijhtm.2016.10005028,wos,Article,triagem,1.0,provável mesma obra
18,HFMEA-Fuzzy Model for Lean Waste Assessment in Health Care Units: Proposal and Utilization Cases,2021,10.1007/978-3-030-85902-2_28,scopus,Conference paper,excluido_tipo,1.0,provável mesma obra
18,HFMEA-Fuzzy Model for Lean Waste Assessment in Health Care Units: Proposal and Utilization Cases,2021,10.1007/978-3-030-85902-2\_28,wos,Proceedings Paper,excluido_tipo,1.0,provável mesma obra
19,Hospital Operations Management: An Exploratory Study from Brazil and Portugal,2020,10.1007/978-3-030-43616-2_8,scopus,Book chapter,excluido_tipo,0.99,provável mesma obra
19,Hospital Operations Management: An Exploratory Study from Brazil and Portugal,2020,10.1007/978-3-030-43616-2\_8,wos,Proceedings Paper,excluido_tipo,0.99,provável mesma obra
20,"How to Learn Up from Lean Management in Health Services? HRM, Leadership and Relational Coordination",2017,10.1007/978-3-319-44909-8\_5,wos,Article; Book Chapter,triagem,0.73,provável obras diferentes
20,"How to Learn Up from Lean Management in Health Services? HRM, Leadership and Relational Coordination",2017,10.1007/978-3-319-44909-8_5,scopus,Book chapter,excluido_tipo,0.73,provável obras diferentes
21,Implementation Experiences of Lean Organization in Healthcare for Apulian Hospitals: A Longitudinal Interview In-Depth Study,2023,10.1007/978-3-031-25741-4_5,scopus,Conference paper,excluido_tipo,1.0,provável mesma obra
21,Implementation Experiences of Lean Organization in Healthcare for Apulian Hospitals: A Longitudinal Interview In-Depth Study,2023,10.1007/978-3-031-25741-4\_5,wos,Proceedings Paper,excluido_tipo,1.0,provável mesma obra
22,Improving Early Diagnosis: The Intersection of Lean Healthcare and Computer Vision in Cancer Detection,2024,10.1007/978-3-031-56950-0_34,scopus,Conference paper,excluido_tipo,1.0,provável mesma obra
22,Improving Early Diagnosis: The Intersection of Lean Healthcare and Computer Vision in Cancer Detection,2024,10.1007/978-3-031-56950-0\_34,wos,Proceedings Paper,excluido_tipo,1.0,provável mesma obra
23,Improving the Workflow Efficiency of an Outpatient Pain Clinic at a Specialized Oncology Center by Implementing Lean Principles,2019,10.4103/apjon.apjon_21_19,pubmed+scopus,Article | Journal Article,triagem,1.0,provável mesma obra
23,Improving the Workflow Efficiency of An Outpatient Pain Clinic at A Specialized Oncology Center by Implementing Lean Principles,2019,10.4103/apjon.apjon\_21\_19,wos,Article,triagem,1.0,provável mesma obra
24,"Information, Communication and Knowledge for Lean Healthcare Management Guidelines, a Literature Revision",2021,10.1007/978-3-030-85902-2_27,scopus,Conference paper,excluido_tipo,1.0,provável mesma obra
24,"Information, Communication and Knowledge for Lean Healthcare Management Guidelines, a Literature Revision",2021,10.1007/978-3-030-85902-2\_27,wos,Proceedings Paper,excluido_tipo,1.0,provável mesma obra
25,Integrating Lean Healthcare and Machine Learning for Cancer Risk Prediction,2024,10.1007/978-3-031-56950-0_31,scopus,Conference paper,excluido_tipo,1.0,provável mesma obra
25,Integrating Lean Healthcare and Machine Learning for Cancer Risk Prediction,2024,10.1007/978-3-031-56950-0\_31,wos,Proceedings Paper,excluido_tipo,1.0,provável mesma obra
26,Karakuri: A Proposal to Waste Reduce in the Health Service,2021,10.1007/978-3-030-85902-2_39,scopus,Conference paper,excluido_tipo,1.0,provável mesma obra
26,Karakuri: A Proposal to Waste Reduce in the Health Service,2021,10.1007/978-3-030-85902-2\_39,wos,Proceedings Paper,excluido_tipo,1.0,provável mesma obra
27,Lean-Agile Education: A Bibliometric Analysis,2023,10.1007/978-3-031-04435-9_38,scopus,Conference paper,excluido_tipo,1.0,provável mesma obra
27,Lean-Agile Education: A Bibliometric Analysis,2023,10.1007/978-3-031-04435-9\_38,wos,Proceedings Paper,excluido_tipo,1.0,provável mesma obra
28,Lean approaches in asset management within the mining industry,2015,10.1007/978-3-319-15536-4_9,scopus,Book chapter | Conference paper,excluido_tipo,1.0,provável mesma obra
28,Lean Approaches in Asset Management Within the Mining Industry,2015,10.1007/978-3-319-15536-4\_9,wos,Proceedings Paper,excluido_tipo,1.0,provável mesma obra
29,Lean Healthcare,2018,10.1007/978-3-319-65455-3\_21,wos,Article; Book Chapter,triagem,,sem resumo para comparar
29,Lean healthcare,2018,10.1007/978-3-319-65455-3_21,scopus,Book chapter,excluido_tipo,,sem resumo para comparar
30,Lean Health Care: A Core Vision of the Health Care 2035,2015,10.14442/jgfm.16.3_129,scopus,Editorial,excluido_tipo,,sem resumo para comparar
30,Lean Health Care: A Core Vision of the Health Care 2035,2015,10.14442/jgfm.16.3\_129,wos,Editorial Material,excluido_tipo,,sem resumo para comparar
31,Lean Healthcare: A Critical Analysis,2023,10.1007/978-3-031-12914-8_4,scopus,Conference paper,excluido_tipo,1.0,provável mesma obra
31,Lean Healthcare: A Critical Analysis,2023,10.1007/978-3-031-12914-8\_4,wos,Proceedings Paper,excluido_tipo,1.0,provável mesma obra
32,Lean Healthcare Applied Systematically in the Basic Image Examination Process in a Medium-Sized Medical Clinic,2021,10.1007/978-3-030-85902-2_43,scopus,Conference paper,excluido_tipo,1.0,provável mesma obra
32,Lean Healthcare Applied Systematically in the Basic Image Examination Process in a Medium-Sized Medical Clinic,2021,10.1007/978-3-030-85902-2\_43,wos,Proceedings Paper,excluido_tipo,1.0,provável mesma obra
33,Lean healthcare as a tool for improvement: A case study in a clinical laboratory,2017,10.1007/978-3-319-41652-6_13,scopus,Conference paper,excluido_tipo,1.0,provável mesma obra
33,Lean Healthcare as a Tool for Improvement: A Case Study in a Clinical Laboratory,2017,10.1007/978-3-319-41652-6\_13,wos,Proceedings Paper,excluido_tipo,1.0,provável mesma obra
34,Lean Healthcare for Home Healthcare Operations: Multi-Case Study in Colombia,2025,10.1007/978-3-031-77723-3_32,scopus,Book chapter,excluido_tipo,1.0,provável mesma obra
34,Lean Healthcare for Home Healthcare Operations: Multi-Case Study in Colombia,2025,10.1007/978-3-031-77723-3\_32,wos,Proceedings Paper,excluido_tipo,1.0,provável mesma obra
35,Lean Healthcare: How to Start the Lean Journey,2020,10.1007/978-3-030-41429-0_32,scopus,Conference paper,excluido_tipo,1.0,provável mesma obra
35,Lean Healthcare: How to Start the Lean Journey,2020,10.1007/978-3-030-41429-0\_32,wos,Proceedings Paper,excluido_tipo,1.0,provável mesma obra
36,Lean healthcare implementation: Experiences and lessons learned from brazilian hospitals,2018,10.1590/s0034-759020180103,scopus,Article,triagem,1.0,provável mesma obra
36,LEAN HEALTHCARE IMPLEMENTATION: EXPERIENCES AND LESSONS LEARNED FROM BRAZILIAN HOSPITALS,2018,10.1590/s0034-759020180104,wos,Article,triagem,1.0,provável mesma obra
37,Lean Healthcare in Reducing HAI an Integrative Literature Review,2021,10.1007/978-3-030-85902-2_38,scopus,Conference paper,excluido_tipo,1.0,provável mesma obra
37,Lean Healthcare in Reducing HAI an Integrative Literature Review,2021,10.1007/978-3-030-85902-2\_38,wos,Proceedings Paper,excluido_tipo,1.0,provável mesma obra
38,Lean Healthcare Management Through Kaizen in a Public Brazilian Hospital,2025,10.1007/978-3-031-80785-5_17,scopus,Conference paper,excluido_tipo,1.0,provável mesma obra
38,Lean Healthcare Management Through Kaizen in a Public Brazilian Hospital,2025,10.1007/978-3-031-80785-5\_17,wos,Proceedings Paper,excluido_tipo,1.0,provável mesma obra
39,Lean healthcare project leader: A framework based on functions and competencies,2019,10.1007/978-3-030-14973-4_25,scopus,Conference paper,excluido_tipo,,sem resumo para comparar
39,Lean Healthcare Project Leader: A Framework Based on Functions and Competencies,2019,10.1007/978-3-030-14973-4\_25,wos,Proceedings Paper,excluido_tipo,,sem resumo para comparar
40,Lean management approach in health sector: MCDM model proposal to prevention of waste,2024,10.5267/j.dsl.2024.1.004,scopus,Article,triagem,1.0,provável mesma obra
40,Lean management approach in health sector: MCDM model proposal to prevention of waste,2024,10.5267/dsl.2024.1.004,wos,Article,triagem,1.0,provável mesma obra
41,Lean Thinking Application in the Healthcare Sector,2021,10.1007/978-3-030-92934-3_37,scopus,Conference paper,excluido_tipo,1.0,provável mesma obra
41,Lean Thinking Application in the Healthcare Sector,2021,10.1007/978-3-030-92934-3\_37,wos,Proceedings Paper,excluido_tipo,1.0,provável mesma obra
42,Lean thinking in hospital: Case study at the pathology laboratory,2015,10.1007/978-3-319-11128-5_153,scopus,Conference paper,excluido_tipo,1.0,provável mesma obra
42,Lean Thinking in Hospital: Case Study at the Pathology Laboratory,2015,10.1007/978-3-319-11128-5\_153,wos,Proceedings Paper,excluido_tipo,1.0,provável mesma obra
43,Lean Transformation in Healthcare: A French Case Study,2021,10.1007/978-3-030-85902-2_41,scopus,Conference paper,excluido_tipo,1.0,provável mesma obra
43,Lean Transformation in Healthcare: A French Case Study,2021,10.1007/978-3-030-85902-2\_41,wos,Proceedings Paper,excluido_tipo,1.0,provável mesma obra
44,"Management style, focus and purpose in development of lean in university hospital",2018,10.1007/978-3-319-60372-8_6,scopus,Conference paper,excluido_tipo,0.99,provável mesma obra
44,"Management Style, Focus and Purpose in Development of LEAN in University Hospital",2018,10.1007/978-3-319-60372-8\_6,wos,Proceedings Paper,excluido_tipo,0.99,provável mesma obra
45,MDE-S: A Case Study of the Health Company Diagnostic Method Applied in Three Health Units,2021,10.1007/978-3-030-85902-2_33,scopus,Conference paper,excluido_tipo,1.0,provável mesma obra
45,MDE-S: A Case Study of the Health Company Diagnostic Method Applied in Three Health Units,2021,10.1007/978-3-030-85902-2\_33,wos,Proceedings Paper,excluido_tipo,1.0,provável mesma obra
46,On the Necessity for Planning and Integration of Manufacturing Tasks to Align with Health Sector Needs and CE Goals: A Systematic Literature Review,2023,10.1007/978-3-031-17629-6_37,scopus,Conference paper,excluido_tipo,1.0,provável mesma obra
46,On the Necessity for Planning and Integration of Manufacturing Tasks to Align with Health Sector Needs and CE Goals: A Systematic Literature Review,2023,10.1007/978-3-031-17629-6\_37,wos,Proceedings Paper,excluido_tipo,1.0,provável mesma obra
47,Organizational development-lean thinking through the LeanGame learning game,2019,10.1007/978-3-319-94709-9_10,scopus,Conference paper,excluido_tipo,0.96,provável mesma obra
47,Organizational Development-Lean Thinking Through the LeanGame Learning Game,2019,10.1007/978-3-319-94709-9\_10,wos,Proceedings Paper,excluido_tipo,0.96,provável mesma obra
48,Pre-admission in Emergency Departments: Algorithms for Triage Classification,2026,10.1007/978-3-032-19656-9_49,scopus,Book chapter,excluido_tipo,1.0,provável mesma obra
48,Pre-admission in Emergency Departments: Algorithms for Triage Classification,2026,10.1007/978-3-032-19656-9\_49,wos,Proceedings Paper,excluido_tipo,1.0,provável mesma obra
49,Stock Management Improvement in a Nursing Ward Using Lean Approach and Mathematical Modelling,2022,10.1007/978-3-031-23236-7_49,scopus,Conference paper,excluido_tipo,1.0,provável mesma obra
49,Stock Management Improvement in a Nursing Ward Using Lean Approach and Mathematical Modelling,2022,10.1007/978-3-031-23236-7\_49,wos,Proceedings Paper,excluido_tipo,1.0,provável mesma obra
50,Value creation through lean management: A case study of healthcare service operations,2016,10.1504/ijsom.2016.10000239,scopus,Article,triagem,1.0,provável mesma obra
50,Value creation through lean management: A case study of healthcare service operations,2016,10.1504/ijsom.2016.079513,scopus,Article,triagem,1.0,provável mesma obra
