PMID,Title,Authors,Citation,First Author,Journal/Book,Publication Year,Create Date,PMCID,NIHMS ID,DOI
"28930295","Global burden of NAFLD and NASH: trends, predictions, risk factors and prevention","Younossi Z, Anstee QM, Marietti M, Hardy T, Henry L, Eslam M, George J, Bugianesi E.","Nat Rev Gastroenterol Hepatol. 2018 Jan;15(1):11-20. doi: 10.1038/nrgastro.2017.109. Epub 2017 Sep 20.","Younossi Z","Nat Rev Gastroenterol Hepatol","2018","2017/09/21","","","10.1038/nrgastro.2017.109"
"38768613","Nutritional Challenges and Treatment After Bariatric Surgery","Moize V, Laferrère B, Shapses S.","Annu Rev Nutr. 2024 Aug;44(1):289-312. doi: 10.1146/annurev-nutr-061121-101547. Epub 2024 Aug 12.","Moize V","Annu Rev Nutr","2024","2024/05/20","PMC12168164","NIHMS2083914","10.1146/annurev-nutr-061121-101547"
"37992150","Metaflammation in obesity and its therapeutic targeting","Schleh MW, Caslin HL, Garcia JN, Mashayekhi M, Srivastava G, Bradley AB, Hasty AH.","Sci Transl Med. 2023 Nov 22;15(723):eadf9382. doi: 10.1126/scitranslmed.adf9382. Epub 2023 Nov 22.","Schleh MW","Sci Transl Med","2023","2023/11/22","PMC10847980","NIHMS1961427","10.1126/scitranslmed.adf9382"
"37113563","A Heart-Healthy Diet for Cardiovascular Disease Prevention: Where Are We Now?","Diab A, Dastmalchi LN, Gulati M, Michos ED.","Vasc Health Risk Manag. 2023 Apr 21;19:237-253. doi: 10.2147/VHRM.S379874. eCollection 2023.","Diab A","Vasc Health Risk Manag","2023","2023/04/28","PMC10128075","","10.2147/VHRM.S379874"
"38488566","Relative Energy Deficiency in Sport (REDs): Endocrine Manifestations, Pathophysiology and Treatments","Angelidi AM, Stefanakis K, Chou SH, Valenzuela-Vallejo L, Dipla K, Boutari C, Ntoskas K, Tokmakidis P, Kokkinos A, Goulis DG, Papadaki HA, Mantzoros CS.","Endocr Rev. 2024 Sep 12;45(5):676-708. doi: 10.1210/endrev/bnae011.","Angelidi AM","Endocr Rev","2024","2024/03/15","","","10.1210/endrev/bnae011"
"34444653","The Utility of Body Composition Assessment in Nutrition and Clinical Practice: An Overview of Current Methodology","Holmes CJ, Racette SB.","Nutrients. 2021 Jul 22;13(8):2493. doi: 10.3390/nu13082493.","Holmes CJ","Nutrients","2021","2021/08/27","PMC8399582","","10.3390/nu13082493"
"34299840","Lean Healthcare Tools for Processes Evaluation: An Integrative Review","de Barros LB, Bassi LC, Caldas LP, Sarantopoulos A, Zeferino EBB, Minatogawa V, Gasparino RC.","Int J Environ Res Public Health. 2021 Jul 10;18(14):7389. doi: 10.3390/ijerph18147389.","de Barros LB","Int J Environ Res Public Health","2021","2021/07/24","PMC8304063","","10.3390/ijerph18147389"
"39357143","Menopause and endometriosis","Cassani C, Tedeschi S, Cucinella L, Morteo V, Camnasio CA, Tiranini L, Martini E, Nappi RE.","Maturitas. 2024 Dec;190:108129. doi: 10.1016/j.maturitas.2024.108129. Epub 2024 Sep 26.","Cassani C","Maturitas","2024","2024/10/02","","","10.1016/j.maturitas.2024.108129"
"41502845","Nutritional and lifestyle supportive care recommendations for management of obesity with GLP-1 - based therapies: An expert consensus statement using a modified Delphi approach","Sievenpiper JL, Ard J, Blüher M, Chen W, Dixon JB, Fitch A, Gigliotti L, Khunti K, Lecube A, Lean MEJ, Mittendorfer B, Pfeiffer AFH, Ryan DH, Vilsbøll T, Van Gaal LF.","Obes Pillars. 2025 Nov 11;17:100228. doi: 10.1016/j.obpill.2025.100228. eCollection 2026 Mar.","Sievenpiper JL","Obes Pillars","2025","2026/01/08","PMC12768930","","10.1016/j.obpill.2025.100228"
"34463743","Evaluation of Dietary Patterns and All-Cause Mortality: A Systematic Review","English LK, Ard JD, Bailey RL, Bates M, Bazzano LA, Boushey CJ, Brown C, Butera G, Callahan EH, de Jesus J, Mattes RD, Mayer-Davis EJ, Novotny R, Obbagy JE, Rahavi EB, Sabate J, Snetselaar LG, Stoody EE, Van Horn LV, Venkatramanan S, Heymsfield SB.","JAMA Netw Open. 2021 Aug 2;4(8):e2122277. doi: 10.1001/jamanetworkopen.2021.22277.","English LK","JAMA Netw Open","2021","2021/08/31","PMC8408672","","10.1001/jamanetworkopen.2021.22277"
