titulo,ano,fonte,tipo
Optimization of hospitalization duration and cost structure for chronic schizophrenia patients in psychiatric hospitals,2026,pubmed+scopus+wos,Article | Journal Article
"Relationships between leadership and culture, human resources and process improvement in lean healthcare",2023,scopus+wos,Article
Breast Cancer Care Network coordination: analysis in the light of the lean methodology for early diagnosis; [Coordenação da Rede de Atenção ao Câncer de Mama: análise à luz da filosofia lean para o diagnóstico precoce],2023,scopus+wos,Article
ENHANCING HOSPITAL EFFICIENCY IN GERMANY: PROCESS MANAGEMENT AND SCHEDULING INNOVATIONS IN PATIENT LOGISTICS; [Підвищення ефективності лікарень у Німеччині: інновації в управлінні процесами та плануваннілогістики пацієнтів],2025,scopus+wos,Article
More than just reduction,2025,scopus,Review
"Redefining value creation innovation in healthcare organizations: the catalytic role of Lean Management, Six Sigma and Patient Safety",2025,scopus+wos,Article
Engaging Patients in the Veterans Health Administration's Lean Enterprise Transformation: A Qualitative Study,2023,pubmed+scopus+wos,"Article | Journal Article; Multicenter Study; Research Support, U.S. Gov't, Non-P.H.S."
Analysing the Balance of Human and Physical Resources in Outpatient Departments during the COVID-19 Pandemic,2025,scopus+wos,Article
TRANSFORMATIONAL PERFORMANCE IMPROVEMENT: WHY IS PROGRESS SO SLOW?,2022,pubmed+scopus,Book chapter | Journal Article
Guiding Principles for Surgical Pathways: A Tool for Improving Outcomes and Patient Safety,2022,pubmed+scopus+wos,Article | Journal Article
Patient-centered lean healthcare management from a humanistic perspective,2024,pubmed+scopus+wos,Article | Journal Article
Lean Management in Public Social and Healthcare: Navigating Value Barriers,2025,scopus+wos,Article
Achieving transformation to lean management systems in health care,2023,pubmed+scopus+wos,"Article | Journal Article; Observational Study; Research Support, U.S. Gov't, Non-P.H.S."
Information and knowledge management in Emergency Care Units: an evaluation of Daily Huddles in emergency services; [Gestão da informação e do conhecimento em Unidades de Pronto Atendimento: uma avaliação das Reuniões Diárias em serviços de emergência]; [Gestión de la información y el conocimiento en Unidades de Atención de Emergencia: una evaluación de los Daily Huddles en los servicios de emergencia],2024,scopus,Article
Analytics and Lean Health Care to Address Nurse Care Management Challenges for Inpatients in Emerging Economies,2021,pubmed+scopus+wos,"Article | Journal Article; Research Support, Non-U.S. Gov't"
"Making more nurses, one minute at a time: an efficiency and quality improvement project in emergency triage",2023,pubmed+scopus,Article | Journal Article
LEAN HEALTHCARE: A SUPPORT TOOL FOR THE PATIENT CARE TEAM; [LEAN HEALTHCARE: INSTRUMENTO DE APOIO À EQUIPE DE ASSISTÊNCIA AO PACIENTE]; [LEAN HEALTHCARE: UNA HERRAMIENTA DE APOYO PARA EL EQUIPO DE ATENCIÓN AL PACIENTE],2025,scopus,Article
Preliminary Framework of Lean Healthcare Sustainability Performance Measurement for Health Sector,2023,scopus,Article
Some important principles for implementing lean management in healthcare organizations,2025,pubmed+scopus+wos,Journal Article | Letter
Lean thinking for improvements in inventory management: best practices and challenges in healthcare; [O pensamento Lean para melhorias na gestão de estoques: as melhores práticas e desafios na área da saúde]; [Pensamiento Lean para mejoras en la gestión de inventario: mejores prácticas y desafíos en el área de la salud],2023,scopus,Article
Preventive Maintenance as an Organizational Challenge: Evidence from Private Hospital Networks,2026,scopus,Article
Innovative solutions for disease management,2023,pubmed+scopus+wos,Article | Journal Article
Using Lean Healthcare Techniques to Reduce Appointment Times,2023,scopus+wos,Article
Optimization of the STARlet workflow for semi-automatic SARS-CoV-2 screening of swabs and deep respiratory materials using the RealAccurate Quadruplex SARS-CoV-2 PCR kit and Allplex SARS-CoV-2 PCR kit,2024,pubmed+scopus+wos,Article | Journal Article
"Emergent barriers to the lean healthcare journey: baronies, tribalism and scepticism",2024,scopus+wos,Article
Telementoring to Strengthen Child and Youth Mental Health Care Capacity in Primary Care Providers: Session Duration and Learning Outcomes,2025,pubmed+scopus+wos,"Article | Journal Article; Research Support, Non-U.S. Gov't"
The impact of lean management on frontline healthcare professionals: a scoping review of the literature,2021,pubmed+scopus+wos,Article | Journal Article; Scoping Review | Review
An expert narrative review on the impact of DRG/DIP payment reforms on hospital lean operations and cost performance management,2026,scopus+wos,Review
The regulation and reconciliation of hybrid professional-managerial identities in a public hospital: the case of Lean management,2025,pubmed+scopus+wos,Article | Journal Article
Enhancing Integrated Care Through the Voluntary and Community Sector: A Lean Management and Dynamic Capabilities Perspective,2025,pubmed+scopus+wos,Article | Journal Article
"Lean Management, Discrete Event Simulation, and Virtual Reality in Hemodialysis Units: A Scoping Literature Review and Evidence Gap Analysis",2026,scopus+wos,Review
Nurse-to-patient ratios and staffing issues: a qualitative investigation of nurses’ perceived work environments in Quebec’s integrated healthcare centers,2024,scopus,Article
An integrated resilience engineering-lean management approach to performance assessment and improvement of clinical departments,2022,scopus+wos,Article
Expert-Identified Practices for Achieving Measurable Performance Improvements With Lean Implementation,2023,pubmed+scopus+wos,Article | Journal Article
Lean Management Approach for Reengineering the Hospital Cardiology Consultation Process: A Report from AORN “A. Cardarelli” of Naples,2022,pubmed+scopus+wos,Article | Journal Article
The Role of Narrative Medicine and Lean Management in Umbilical Cord Blood Donation: A Story of Success,2025,pubmed+scopus+wos,Article | Journal Article
6S management project to improve workplace productivity in Primary Health Centre in India,2025,pubmed+scopus+wos,Article | Journal Article
Linking lean adoption and implementation in healthcare to national cultures,2021,scopus+wos,Article
Improving plastic surgery care of hand trauma using the lean thinking model,2023,pubmed+scopus+wos,Article | Journal Article
Health lean management implementation in local health networks: A systematic literature review,2022,scopus+wos,Review
Lean Management in Medium-Sized Oral Cavity Defect Reconstruction: Facial Artery Musculomucosal Flaps Versus Free Flaps,2025,pubmed+scopus+wos,Article | Editorial Material | Journal Article
Lean Healthcare: Improving Surgical Process Indicators Through Prioritization Projects,2023,scopus+wos,Article
Lean practice implementation in French healthcare: a longitudinal case study,2026,pubmed+scopus+wos,Article | Journal Article
Soft and hard skills development in lean management trainings,2022,scopus+wos,Article
Cost-Reduction Strategies and Patient Care Quality: Insights From Hospital Leaders,2026,pubmed+scopus+wos,Article | Journal Article
Lean service quality improvement for enhancing medical tourism using a dual-stage approach in healthcare,2026,scopus+wos,Article
The Perception of Lean Healthcare by Nursing Professionals,2025,scopus+wos,Article
"“We can't save the planet, we're too busy saving lives”: Exploring beliefs about decarbonizing the NHS",2023,scopus+wos,Article
Strategies for Effective Health Services Management in Hospitals: A Systematic Review of Key Models and Practices,2024,scopus,Article
Applications of lean in human resources management in healthcare,2022,pubmed+scopus+wos,Journal Article; Review | Review
HRM issues and practices in internal stakeholder management for healthcare: a bibliometric and systematic literature analysis,2026,pubmed+scopus+wos,Journal Article; Systematic Review | Review
Organisational Barriers to the Lean Management Approach in Healthcare,2026,scopus+wos,Review
Lean and clinical risk management: an integrated implementation framework,2026,scopus+wos,Article | Article; Early Access
"The initiation, exploration, and development of hospital-based health technology assessment in China: 2005 ‒ 2022",2023,pubmed+scopus+wos,Journal Article | Review
Examining of the effect of HRM in mitigating negative effects of LM&SS on employee well-being in health care,2022,scopus+wos,Article
Best Practices on Radiology Department Workflow: Tips from the Impact of the COVID-19 Lockdown on an Italian University Hospital,2022,pubmed+scopus+wos,Article | Journal Article
Applying Lean Healthcare in the hospitalization and patient discharge process: an integrative review; [A aplicação do Lean Healthcare no processo de hospitalização e alta do paciente: revisão integrativa]; [La aplicación de Lean Healthcare en el proceso de hospitalización y alta del paciente: revisión integrativa],2023,pubmed+scopus+wos,Journal Article; Review | Review
Implementing lean six sigma to optimize emergency extracorporeal cardiopulmonary resuscitation process management,2025,pubmed+scopus+wos,"Article | Journal Article; Research Support, Non-U.S. Gov't"
An optimization-based methodology equipped with lean tools to strengthen medical supply chain resilience during a pandemic: A case study from Turkey,2023,scopus+wos,Article
Sustainability in physiotherapy and rehabilitation,2022,scopus,Article
Improving Emergency Department Staff Satisfaction Through Lean Thinking: Evidence From a Mixed Study,2026,pubmed+scopus+wos,Article | Journal Article
A reconsideration of Lean Six Sigma in healthcare after the COVID-19 crisis,2022,scopus+wos,Article
An empirical investigation of performance assessment of Indian healthcare industry,2023,scopus+wos,Article
Designing Sustainable and Acoustically Optimized Dental Spaces: A Comprehensive Review of Soundscapes in Dental Office Environments,2025,scopus+wos,Review
Digital pathology enabling lean management of HER2/neu testing in breast Cancer,2025,pubmed+scopus,Article | Journal Article
Preventable burden of head and neck cancer attributable to tobacco and alcohol between 1990 and 2039 in China,2023,pubmed+scopus+wos,Article | Journal Article
Coupling Lean and Experience-Based Design for Measuring and Incorporating Patient Emotional Experience Into the Redesign of Health Care,2022,pubmed+scopus+wos,Article | Journal Article
LEAN HEALTHCARE EFFICIENCY ASSESSMENT IN BRAZILIAN PUBLIC HOSPITALS WITH A DATA ENVELOPMENT ANALYSIS (DEA) APPROACH,2024,scopus,Article
The management of healthcare-related infections through lean methodology: systematic review and meta-analysis of observational studies,2022,pubmed+scopus,Journal Article; Meta-Analysis; Systematic Review | Review
Doing or calculating lean? A sensemaking perspective on workplace learning,2023,scopus+wos,Article
An Optimized Heart Failure Triaging Protocol to Reduce Avoidable Hospitalizations and Total Costs of Care,2026,pubmed+scopus+wos,Article | Journal Article
Interventions to reduce overcrowding in emergency departments: An umbrella review,2026,pubmed+scopus+wos,Journal Article; Systematic Review | Review
"Is It Time to Give Up Nitrous Oxide for a Sustainable, Green and Lean Operating Room?; [Sürdürülebilir, Yeşil ve Yalın Ameliyathane için Azot Protoksitten Vazgeçme Zamanı mı?]",2026,scopus,Article
"Lean daily management in healthcare: origins, practices, and associations with lean leadership and lean sustainability",2023,scopus+wos,Article
"Recovering staff, recovering services: massive-online support for recovering a paediatric service using Lean and compassionate communication",2022,pubmed+scopus+wos,Article | Journal Article
Building lean improvement sckills at scale: An evaluation of a massive open online course in the English NHS,2023,pubmed+scopus+wos,Article | Journal Article
Adaptability research on lean management under medical insurance payment reform: threshold effect of DRG/DIP reform intensity and operational efficiency of traditional Chinese medicine hospitals,2026,pubmed+scopus+wos,Article | Journal Article
Value and main opportunities in hospital operations management,2025,scopus,Article
Adapting Lean for process redesign in senior day care services,2022,scopus+wos,Article
The usage of lean tools in healthcare environment; [O uso de ferramentas lean no ambiente de saúde]; [El uso de herramientas lean en el entorno sanitario],2023,scopus,Review
The COVID-19 pandemic and upgrades of CI speech processors for children: part I—procedure of speech processor upgrade,2022,pubmed+scopus+wos,Article | Journal Article
"Effective hospital-wide lean implementation: top-down, bottom-up or through co-creative role modeling?",2022,scopus+wos,Article
Factors impacting patient flows in the emergency department,2025,scopus+wos,Article
Lean ICU Layout Re-Design: A Simulation-Based Approach,2022,scopus+wos,Article
The Academic Development Trajectories of the Lean Production Based on Main Path Analysis Method,2022,scopus+wos,Article
Value-based healthcare in management of chronic back pain: A multidisciplinary- and lean-based approach,2024,pubmed+scopus,Article | Journal Article
An adaptation of the SAE J4000/2021 standard for assessing lean maturity in Brazilian hospitals,2024,scopus+wos,Article
Implementation of the Lean Healthcare System in the Emergency Room of the Clinical Hospital of the Federal University of Uberlândia: A Case Study,2023,pubmed+scopus,Article | Journal Article
Designing experiential learning activities with generative artificial intelligence tools for authentic assessment,2024,scopus+wos,Article
Lean management of nursing human resources during COVID-19 pandemic,2023,pubmed+scopus+wos,"Article | Journal Article; Research Support, Non-U.S. Gov't"
Improving the Timely Delivery of Postoperative Radiation in Head and Neck Cancer,2025,pubmed+scopus+wos,Article | Journal Article; Review
How can lean thinking improve ERAS program in bariatric surgery?,2021,pubmed+scopus+wos,Article | Journal Article
Diminishing returns: how treatment delays undermine the mortality benefits of high-quality stroke care,2025,pubmed+scopus+wos,Article | Article; Early Access | Journal Article
A Mini Review on Importance in the Implementation of Lean Management in Healthcare,2025,scopus,Review
Lean Readiness Index for Malaysian Hospitals: An Exploratory Study,2022,scopus,Article
Assessing readiness for lean thinking in healthcare settings: the case for Oman,2021,scopus+wos,Article
Lean Staff Management in the Light of the Covid-19: Exploratory Factors' Analysis - Case Studies for Service Companies,2022,scopus+wos,Article
Integration of lean thinking and service quality in the healthcare sector,2025,scopus,Article
Technical Tips: The Role of the Charge Neurodiagnostic Technologist,2024,pubmed+scopus,Article | Journal Article; Review
A comparative evaluation of organizational models of physiotherapy through measures reported by patients,2025,pubmed+scopus+wos,Article | Article; Early Access | Journal Article
Process Improvement Approach to Transform Online Business Education in the Post-COVID World,2022,scopus,Article
Development and implementation of a comprehensive cancer center of excellence prototype in Thailand: A feasibility study.,2025,scopus,Article
"An Analysis of Waiting Times for the Diagnosis and Treatment of Patients with Prostate Cancer Established by the Requirements of the Fast-Track Cancer Treatment Pathway, Taking into Account Treatment Steps",2025,pubmed+scopus+wos,Article | Journal Article
Gene therapy for Duchenne Muscular Dystrophy: assessing the readiness of Italian centres of expertise,2024,pubmed+scopus,Article | Journal Article
The outcomes of Lean management in a large academic hospital in Finland in 2018–2023: a qualitative study,2026,pubmed+scopus+wos,Article | Journal Article
Integrating lean and resilience: a healthcare supply chain perspective,2025,scopus,Article
FACTORS AFFECTING THE SUSTAINABILITY OF LEAN IN HEALTHCARE: A SYSTEMATIC LITERATURE REVIEW,2022,scopus+wos,Article; Proceedings Paper | Review
Sustainable care quality improvement: a scoping literature review of performance measurement in lean healthcare implementations,2025,pubmed+scopus+wos,Journal Article; Scoping Review | Review
Lean Health Care Internships: A Novel Systems-Based Practice Education Program for Undergraduate Medical Students,2024,pubmed+scopus+wos,Article | Journal Article
Bridging theory and practice: aligning lean management with action research in healthcare organizations,2026,scopus+wos,Article
The role of lean in healthcare during COVID-19 pandemic,2023,scopus+wos,Article
"Reducing waiting time of injectable anticancer drug preparations in day care oncology units: A summary of evidence, implemented strategies, and perspectives for hospital pharmacists",2026,pubmed+scopus+wos,Article | Journal Article; Review
Analysing recent developments and future research directions in sustainable lean six sigma: 21st century perspective,2026,scopus+wos,Article | Review; Early Access
Knowledge for results and the efficiency of public agencies in Colombia,2024,scopus+wos,Article
Development of a Venous Thromboembolism Prophylaxis and Pain Medication Pathway in Thoracic Surgery Enhanced Recovery After Surgery Program,2025,pubmed+scopus+wos,"Article | Journal Article; Research Support, Non-U.S. Gov't"
Effects of Lean Interventions Supported by Digital Technologies on Healthcare Services: A Systematic Review,2022,pubmed+scopus+wos,Journal Article; Systematic Review | Review
Operations management on the front line of COVID-19 vaccination: Building capability at scale via technology-enhanced learning,2021,pubmed+scopus+wos,Article | Journal Article
Lean implementation in healthcare: offsetting Physicians’ resistance to change,2023,scopus+wos,Article
Examining the Relationship between the Lean Management System and Quality Improvement Care Management Processes,2022,pubmed+scopus+wos,Article | Journal Article
Healthcare performance improvement through lean management and industry 4.0,2023,scopus,Article
Understanding resistance in lean implementation in healthcare environments: an institutional logics perspective,2022,scopus+wos,Article
A Lean-based Digital Twin model for planning and governance in secondary and tertiary hospital networks,2026,pubmed+scopus+wos,Article | Journal Article
"Flexible Management, Subjectivity, and Paradoxical Work Experiences: The Case of Lean Management in Chilean Retail; [Gestión flexible, subjetividad y experiencias paradojales de trabajo: el caso de Lean Management en el retail chileno]",2024,pubmed+scopus+wos,Article | Journal Article
Common sense put to work: The capitalisation of affects in the introduction of a Lean management model to healthcare professionals,2023,scopus,Article
A balanced approach involving hard and soft factors for internalizing Lean Management and Six Sigma in hospitals,2024,scopus+wos,Article
A smartphone-based application for an early skin disease prognosis: Towards a lean healthcare system via computer-based vision,2023,scopus+wos,Article
Outcomes of using Pulse Point Arrow as lean healthcare tool for managing paediatric patient safety in the surgical area; [Resultados del uso de Pulse Point Arrow como herramienta de lean healthcare en la gestión de la seguridad del paciente pediátrico en el área quirúrgica],2024,pubmed+scopus+wos,Article | English Abstract; Journal Article; Observational Study
"How can we champion diversity, equity and inclusion within Lean Six Sigma? Practical suggestions for quality improvement",2023,pubmed+scopus+wos,Editorial Material | Journal Article | Note
Integrated System for the Proactive Analysis on Infection Risk at a University Health Care Establishment Servicing a Large Area in the South of Italy,2023,scopus+wos,Article
A conceptual model of Lean culture adoption in healthcare,2022,scopus+wos,Article
Road to Better Work-Life Balance? Lean Redesigns and Daily Work Time among Primary Care Physicians,2022,pubmed+scopus+wos,"Article | Journal Article; Observational Study; Research Support, U.S. Gov't, P.H.S."
The application of lean management in the perioperative care of patients with colon cancer,2023,scopus+wos,Article
Research on the construction of information-based nursing quality control system based on deep learning model under the lean perspective,2024,pubmed+scopus+wos,Article | Journal Article
"Lean Healthcare 4.0: Integrating AI, Lean Principles, and Simulation for Laboratory Process Improvement",2025,scopus+wos,Article
Unraveling the interplay between lean healthcare and patient satisfaction: the mediating roles of quality performance and process innovation,2026,scopus+wos,Article
Impact of a booster intervention of the 'More Time at Patients' Side' programme on patients and healthcare professionals in a Swiss hospital: protocol for a cluster randomised controlled trial,2026,pubmed+scopus+wos,Article | Clinical Trial Protocol; Journal Article
Evaluating Lean Healthcare implementation with data mining: opportunities and improvements in emergency services,2023,scopus,Article
Hospital Disaster Preparedness: A Comprehensive Evaluation Using the Hospital Safety Index,2023,scopus+wos,Article
Impact of Implementing the Lean Management on Internal Errors at an Outpatient Hospital Pharmacy in China,2025,pubmed+scopus+wos,Article | Journal Article
Corporate culture as a tool for implementation of lean management principles in hospitals in slovakia; [Корпоративна культура як інструмент впровадження принципів ощадливого управління в лікарнях Словаччини],2025,scopus,Article
Lean methodology use and nurses’ perception in the context of health management: a scoping review; [Uso da metodologia Lean e percepção de enfermeiros no contexto da gestão em saúde: revisão de escopo]; [Uso de la metodología Lean y la percepción de las enfermeras en el contexto de la gestión de la salud: revisión exploratoria],2025,scopus+wos,Review
Use of Indoor Location Technologies in Healthcare Contexts: A Scoping Review,2025,scopus+wos,Review
How primary care research can be improved in clinical practice? An Italian case study,2024,pubmed+scopus+wos,Article | Article; Early Access | Journal Article
Barriers to Improving Pain Management in the Emergency Department: Lessons from a Lean-Driven Quality Improvement Initiative,2025,pubmed+scopus+wos,Article | Journal Article
Biopsy in chronic liver disease: proposal for a shared path between clinicians and pathologists,2025,pubmed+scopus+wos,Article | Journal Article
"Impact of automated dispensing cabinets on dispensing errors, interruptions and pillbox preparation time",2023,pubmed+scopus+wos,Article | Journal Article; Observational Study
Open Access model as an intervention to improve outpatient waiting time management,2024,scopus,Article
Lean healthcare: a science mapping of current progress and future research avenues,2025,pubmed+scopus+wos,Journal Article; Review | Review
Assessing Lean Six Sigma and quality performance improvement in Italian public healthcare organizations: a validated scale,2024,scopus+wos,Article
"Benchmarking outcomes on multiple contextual levels in lean healthcare: a systematic review, development of a conceptual framework, and a research agenda",2021,pubmed+scopus+wos,Article | Journal Article; Systematic Review | Review
Contribution of proactive management of healthcare risks to the reduction of adverse events in a maternity hospital,2024,pubmed+scopus+wos,Article | Journal Article
Lost in transfer: the role of epistemic cultures to mobilize improvement knowledge in health-care collaborations,2025,scopus+wos,Article
Using Programme Theory to evaluate Lean interventions in healthcare,2024,scopus+wos,Article
"Lean adoption, implementation, and outcomes in public hospitals: benchmarking the US and Italy health systems",2022,pubmed+scopus+wos,Article | Journal Article
Lean thinking and risk management in healthcare organizations: a systematic literature review and research agenda,2025,scopus+wos,Review
Application of Supply Processing and Distribution Model in Interventional Consumables Management Based on Whole-Process Coding Technology,2026,pubmed+scopus+wos,Article | Journal Article
Construction and validation of an instrument for evaluating Lean Healthcare in healthcare institutions; [Construção e validação de instrumento para avaliação do Lean Healthcare em instituições de saúde]; [Construcción y validación de un instrumento para evaluar el Lean Healthcare en instituciones de salud],2024,pubmed+scopus,Article | Journal Article; Review
"A Systematic Review of Lean Implementation in Hospitals: Impact on Efficiency, Quality, Cost, and Satisfaction",2025,pubmed+scopus+wos,Journal Article; Systematic Review | Review
Research on outpatient capacity planning combining lean thinking and integer linear programming,2023,pubmed+scopus+wos,"Article | Journal Article; Research Support, Non-U.S. Gov't"
A digital twin framework for lean strategic facility management in the UK healthcare built environment,2026,scopus+wos,Article | Article; Early Access
Adapting and validating the EPLIT for assessing lean healthcare maturity in Brazilian hospitals,2025,scopus+wos,Article
"Working conditions, well-being, and retention of healthcare personnel: A comparative study between lean healthcare and nurse-to-patient ratio",2025,scopus+wos,Article
Modelling the lean deployment in the healthcare services,2024,scopus,Article
Applying LEAN Healthcare in Lean Settings: Launching Quality Improvement in Resource-Limited Regions,2021,pubmed+scopus+wos,Article | Journal Article
Data envelopment analysis (DEA) applied with distinct approaches: A bibliometric survey in association with Lean Manufacturing and Lean Healthcare,2025,scopus,Article
The relationship between self-efficacy and sustainable Lean management systems within the healthcare arena,2025,pubmed+scopus+wos,Article | Journal Article
Visualization and Bibliometric Analysis of Research Trends on Hyperbaric Oxygen Therapy,2022,pubmed+scopus+wos,Article | Journal Article
Assessing performance and value-creation capabilities in Lean healthcare: insights from a case study,2019,scopus+wos,Article
Home before Hospital: A whole of system re-design project to improve rates of home-based dialysis therapy: Experience and outcomes over 8 years,2021,pubmed+scopus+wos,Article | Journal Article
A value-based taxonomy of improvement approaches in healthcare,2017,pubmed+scopus+wos,Article | Journal Article
Use of a service evaluation and lean thinking transformation to redesign an NHS 111 refer to community Pharmacy for Emergency Repeat Medication Supply Service (PERMSS),2016,pubmed+scopus+wos,Article | Comparative Study; Evaluation Study; Journal Article
Lean management,2016,scopus,Article
Analysis of hospital flow management: The 3 R's approach,2020,scopus,Article
Lean supply chain management in healthcare: a systematic review and meta-study,2020,scopus+wos,Review
Adoption of Lean Management and Hospital Performance: Findings From a National Survey,2020,pubmed+scopus,Article | Journal Article
Engaging professionals with serious games: the Lean Healthcare Lab at Siena University Hospital,2017,scopus,Article
Understanding lean & safety projects: Analysis of case studies,2017,scopus,Article
USE OF LEAN MANAGEMENT TO INCREASE EFFICIENCY AND OSTEOPATHIC MANIPULATIVE TREATMENT IN A FAMILY MEDICINE RESIDENCY,2021,scopus,Article
"Lean Healthcare in the institutional, professional, and patient perspective: an integrative review; [Lean Healthcare na perspectiva institucional, profissional e do paciente: uma revisão integrativa]; [Lean Healthcare en la perspectiva institucional, profesional y del paciente: una revisión integrativa]",2020,pubmed+scopus,Journal Article; Review | Review
From kamishibai card to key card: A family-targeted quality improvement initiative to reduce paediatric central line-associated bloodstream infections,2021,pubmed+scopus+wos,"Article | Journal Article; Research Support, Non-U.S. Gov't"
Adoption of Lean management and hospital performance: Results from a national survey,2021,pubmed+scopus+wos,Article | Journal Article
"How practice makes sense in healthcare operations: Studying sensemaking as performative, material-discursive practice",2017,scopus+wos,Article
LEAN thinking in Finnish healthcare,2016,pubmed+scopus+wos,Article | Journal Article
Lean healthcare practices and operational performance: Safety climate as a moderator,2019,scopus,Article
Service quality improvement of outpatient blood collection by lean management,2021,pubmed+scopus+wos,Article | Journal Article
"Lean management in hospitality: Methods, applications and future directions",2020,scopus,Article
Lean thinking by integrating with discrete event simulation and design of experiments: An emergency department expansion,2020,pubmed+scopus+wos,Article | Journal Article
A lean-TOC approach for improving Emergency Medical Services (EMS) transport and logistics operations,2019,scopus+wos,Article
The impact of cross-unit coordination and process improvement efforts in Anatomic pathology: A systems perspective,2016,scopus+wos,Article
Key Factors Influencing Lean Thinking Implementation in Health Services (A Study of Isfahan Health Centers),2020,scopus,Article
APPLICATION OF LEAN SIX SIGMA TO REDUCE PATIENT WAITING TIME: LITERATURE REVIEW,2021,scopus+wos,Article | Review
Lean Management Systems in Radiology: Elements for Success,2016,pubmed+scopus,Journal Article; Review | Review
Moving on from CUSP to CUP: Empowering multidisciplinary teams and integrating them in the management structure of hospital organization,2019,pubmed+scopus+wos,Article | Journal Article
Lean Enterprise Transformation in VA: A national evaluation framework and study protocol,2019,pubmed+scopus+wos,Article | Journal Article
Professional bureaucracy and health care managers' planned change strategies: Governance in Swedish health care,2018,scopus+wos,Article
"Managing covid-19 in a novel, rapidly deployable community isolation quarantine facility",2021,pubmed+scopus+wos,Article | Journal Article
Lean healthcare from a change management perspective: The role of leadership and workforce flexibility in an operating theatre,2016,pubmed+scopus+wos,Article | Journal Article
Lean interventions in healthcare: Do they actually work? A systematic literature review,2016,pubmed+scopus+wos,Article | Journal Article; Systematic Review | Review
Utilization of Portable Radios to Improve Ophthalmology Clinic Efficiency in an Academic Setting,2016,pubmed+scopus+wos,"Article | Journal Article; Research Support, Non-U.S. Gov't"
Cultural tensions in lean healthcare implementation: A paradox theory lens,2021,scopus+wos,Article
Change management,2016,scopus,Article
Qualitative analysis of lean management in healthcare: perspectives of Austrian and Swiss experts; [Qualitative Analyse zu Lean Management im Gesundheitswesen: Sichtweisen österreichischer und Schweizer Experten],2019,scopus,Article
Quality management system,2016,scopus,Article
Integrating lean thinking and mathematical optimization: A case study in appointment scheduling of hematological treatments,2019,scopus+wos,Article
Lean-oriented layout design of a health care facility,2019,pubmed+scopus+wos,Article | Journal Article
Assessment of readiness level for implementing lean six sigma in healthcare organization using fuzzy logic approach,2021,scopus+wos,Article
NO WAIT: new organised well-adapted immediate triage: A lean improvement project,2021,pubmed+scopus+wos,Article | Journal Article
System-wide lean implementation in health care: A multiple case study,2018,pubmed+scopus+wos,Article | Journal Article
Validity test of lean healthcare using Lawshe's method,2018,scopus,Article
"World-Wide Immunoscore Task Force: Meeting report from the ""Melanoma Bridge"", Napoli, November 30th-December 3rd, 2016",2017,pubmed+scopus+wos,Article | Conference Proceedings
A Decade of Lean in Healthcare: Current State and Future Directions,2015,scopus+wos,Article
The application of lean management in the management of the psychiatric care system in the regional model of psychiatric care in Denmark (the region of Zealand),2018,scopus,Article
From Education to Practice: Incorporating Quality Improvement Projects Into a Baccalaureate Nursing Curriculum,2020,pubmed+scopus+wos,Article | Journal Article
Participative facility planning for obstetrical and neonatal care processes: Beginning of life process,2016,pubmed+scopus+wos,"Article | Journal Article; Research Support, Non-U.S. Gov't"
Healthcare management challenges in two university hospitals,2016,scopus+wos,Article | Review
Personalizing symptom monitoring and contact tracing efforts through a COVID-19 web-app,2020,pubmed+scopus+wos,Article | Journal Article | Review
Emergency Department crowding and hospital bed shortage: Is Lean a smart answer? A systematic review,2016,pubmed+scopus+wos,Journal Article; Systematic Review | Review
Physician Engagement with Metrics in Lean Primary Care Transformation,2018,pubmed+scopus+wos,"Article | Journal Article; Research Support, U.S. Gov't, P.H.S."
Lean healthcare,2016,scopus+wos,Article; Book Chapter | Book | Book chapter
Lean thinking in health and nursing: An integrative literature review; [Pensamento Lean na saúde e enfermagem: Revisão integrativa da literatura]; [Pensamiento Lean en la salud y enfermería: Revisión integradora de la literatura],2016,pubmed+scopus+wos,Article | Journal Article; Review | Review
Implementing Lean Quality Improvement in Primary Care: Impact on Efficiency in Performing Common Clinical Tasks,2021,pubmed+scopus+wos,"Article | Journal Article; Research Support, U.S. Gov't, P.H.S."
Applied business process management: An information systems approach to improve service delivery in public hospitals of low- and middle-income countries,2019,scopus+wos,Article
Using medical student quality improvement projects to promote evidence-based care in the emergency department,2018,pubmed+scopus+wos,Article | Journal Article
"Enhanced Recovery After Surgery, Lean, and claims-based quality databases: How does it all make sense?",2021,pubmed+scopus+wos,Journal Article; Review | Review
Wanted in health care: Lean experts with a broad perspective,2019,pubmed+scopus+wos,Editorial Material | Journal Article | Note
Lean and process-orienting health care - Linking and disentangling activities,2017,scopus+wos,Article
Problem-solving behaviour of nurses in a lean environment,2019,pubmed+scopus+wos,Article | Journal Article
Exploring lean generic and lean healthcare cultural clusters,2020,scopus+wos,Article
Management simulations for Lean healthcare: exploiting the potentials of role-playing,2018,pubmed+scopus+wos,Article | Evaluation Study; Journal Article
Practitioner application: Lean Management and U.S. Public Hospital Performance: Results from a National Survey,2019,pubmed+scopus+wos,Comment; Journal Article | Editorial Material | Note
Doing More with Less: Lean Healthcare Implementation in Irish Hospitals,2018,scopus+wos,Article; Book Chapter | Book chapter
Daily capacity management for hospitals: A Brazilian case study,2017,scopus,Article
The relevance of intervention participants’ process appraisal for change in well-being and lean work processes of entire teams,2016,scopus+wos,Article
Lean Healthcare at the Surgical Medical Conferences of Ophthalmology; [Lean Healthcare en los Encuentros Médico Quirúrgicos de Oftalmología],2019,scopus,Article
A measure of lean quality improvement for hospital staff nurses,2016,pubmed+scopus+wos,Article | Journal Article
Using lean management to leverage innovation in healthcare projects: Case study of a public hospital in the UAE,2016,scopus,Article
"Casting the lean spell: The promotion, dilution and erosion of lean management in the NHS",2015,scopus+wos,Article
Fast track surgery for knee replacement surgery: a lean six sigma approach,2020,scopus+wos,Article
"Quantitative analysis of Six Sigma, Lean and Lean Six Sigma research publications in last two decades",2017,scopus+wos,Review
Easier and faster is not always better: Grounded theory of the impact of large-scale system transformation on the clinical work of emergency medicine nurses and physicians,2018,pubmed+scopus,Article | Journal Article
Lean and Six Sigma in acute care: a systematic review of reviews,2016,pubmed+scopus+wos,Journal Article; Systematic Review | Review
Leanness evaluation in health-care organizations using fuzzy logic approach,2020,scopus+wos,Article
State of research and future research tendencies in lean healthcare: a bibliometric analysis,2017,scopus+wos,Article
"Assessing the relationship of the human resource, finance, and information technology functions on reported performance in hospitals using the Lean management system",2021,pubmed+scopus+wos,Article | Journal Article
The cross-national applicability of lean implementation measures and hospital performance measures: A case study of Finland and the USA,2021,pubmed+scopus+wos,Article | Journal Article
"Goal pursuit in organizational health interventions: The role of team climate, outcome expectancy, and implementation intentions",2019,pubmed+scopus+wos,Article | Journal Article
Investigating the connections between health lean management and clinical risk management: Insights from a systematic literature review,2015,pubmed+scopus+wos,Article | Journal Article | Review
The synergic relationship between industry 4.0 and lean management: Best practices from the literature,2021,scopus+wos,Article
The development of lean healthcare management system (LHMS) for healthcare industry,2017,scopus,Article
Identification of the patient requirements using lean six sigma and data mining,2017,scopus+wos,Article
Measuring Lean Six Sigma and quality performance for healthcare organizations,2018,scopus+wos,Article
A case for integrating the Patient and Family Centered Care Methodology and Practice in Lean healthcare organizations,2015,pubmed+scopus+wos,Article | Journal Article
Can lean contribute to work intensification in healthcare?,2017,pubmed+scopus+wos,Article | Journal Article | Review
Assessment methodology for Lean Practices in healthcare organizations: Case study in a Brazilian public hospital,2019,scopus,Article
Lean management promotes compliance and satisfaction of rabies vaccines,2021,pubmed+scopus+wos,Article | Journal Article
Leadership behaviors during lean healthcare implementation: a review and longitudinal study,2020,scopus+wos,Article | Review
The benefit of lean management in the operating theatre; [De l'utilité du lean management au bloc opératoire],2019,scopus,Article
"Towards Lean Healthcare: Implementation of operations excellence in public hospitals; [L'Excellence hospitalière, ou la mise en œuvre de l'excellence opérationnelle dans le monde hospitalier]",2016,scopus,Article
"Implementing large scale fast track diagnostics in a comprehensive cancer center, pre- and post-measurement data",2018,pubmed+scopus+wos,"Article | Journal Article; Research Support, Non-U.S. Gov't"
Development of a framework for lean enterprise,2020,scopus+wos,Article
Impact of multidisciplinary team huddles on patient safety: A systematic review and proposed taxonomy,2020,pubmed+scopus+wos,Journal Article; Systematic Review | Review
Development and implementation of the Saskatchewan Leadership Program: Leading for healthcare transformation,2016,pubmed+scopus,Article | Journal Article; Review
Lean healthcare,2018,scopus+wos,Article; Book Chapter | Book chapter
Comparing Choice and Partnership Approach assumptions to Child and Adolescent Mental Health Services in NHS Greater Glasgow and Clyde,2015,pubmed+scopus+wos,Article | Journal Article
"Institutional pressures, isomorphic changes and key agents in the transfer of knowledge of Lean in Healthcare",2019,scopus+wos,Article
Assessment of patient flow and optimized use of lean thinking transformation from the perspective of graph theory and spectral graph theory: A case study,2021,pubmed+scopus+wos,Article | Journal Article
Lean Six Sigma application in healthcare of patients,2017,scopus,Article
"Modeling, assessment and design of an emergency department of a public hospital through discrete-event simulation",2021,scopus+wos,Article
The Other side of ‘us’: Alterity construction and identification work in the context of planned change,2020,scopus+wos,Article
Advanced quality training in radiology: Inaugural report of a 2-year program,2019,pubmed+scopus+wos,Article | Journal Article
Using Lean-Facilitation to Improve Quality of Hepatitis C Testing in Primary Care,2021,pubmed+scopus+wos,"Article | Clinical Trial; Journal Article; Research Support, U.S. Gov't, Non-P.H.S."
Experience of implementing lean thinking in an Indian healthcare institution,2021,scopus+wos,Article
Exploring the motivators of technology adoption in healthcare,2021,scopus+wos,Article
A fuzzy interpretive structural modeling approach for evaluating the factors affecting lean implementation in Indian healthcare industry,2020,scopus,Article
Lean management to improve postoperative patients’ clinical pathway; [Le « Lean santé » pour améliorer le parcours de l'opéré],2019,scopus,Article
Understanding system failure in health care: A mental model for demand management,2021,scopus+wos,Article
Lean thinking to mind the gap in healthcare management; [Pensamento enxuto na gestão da saúde],2015,pubmed+scopus+wos,Article | Comment; Journal Article | Editorial Material
Insight into healthcare design: lessons learned in two university hospitals,2016,scopus+wos,Article
Reliability of internal logistics distribution in a hospital,2020,scopus+wos,Article
Lean from the First-line Managers' Perspective - Assuredness about the Effects of Lean as a Driving Force for Sustainable Change,2017,scopus+wos,Article
Using modified triage system to improve emergency department efficacy: A successful Lean implementation,2021,scopus,Article
Medical commitment to Lean: an inductive model development,2018,pubmed+scopus+wos,Article | Journal Article; Multicenter Study
Engaging Professionals in Sustainable Workplace Innovation: Medical Doctors and Institutional Work,2020,scopus+wos,Article
How much of Toyota's philosophy is embedded in health care at the organisational level? A review,2018,pubmed+scopus+wos,Article | Journal Article; Review | Review
Retraction:Analysis of the Effect of Intensive Care Based on Lean Nursing Intervention,2021,pubmed+scopus+wos,Article; Retracted Publication | Journal Article; Retracted Publication | Retracted
Industrial engineering into healthcare–A comprehensive review,2021,scopus+wos,Review
Electronic tracking of patients in an outpatient ophthalmology clinic to improve efficient flow: A feasibility analysis and benchmarking study,2015,pubmed+scopus+wos,Article | Journal Article
"Healthcare Quality Improvement and 'work engagement'; Concluding results from a national, longitudinal, cross-sectional study of the 'Productive Ward-Releasing Time to Care' Programme",2017,pubmed+scopus+wos,Article | Journal Article
Contextual factors: assessing their influence on flow or resource efficiency orientations in healthcare lean projects,2017,scopus+wos,Article
Application of COM-B model as a support to Lean Healthcare diagnostic: the case of Pharmaceutical Care Process,2020,scopus+wos,Article
Lean Management and Hospital Performance: Adoption vs. Implementation,2021,pubmed+scopus+wos,Article | Journal Article
Improvement through Small Cycles of Change: Lessons from an Academic Medical Center Emergency Department,2017,pubmed+scopus+wos,"Article | Journal Article; Research Support, Non-U.S. Gov't"
Lean healthcare implementation: Experiences and lessons learned from brazilian hospitals,2018,scopus+wos,Article
An Application of Value Analysis for Lean Healthcare Management in an Emergency Department,2016,scopus+wos,Article
UK and twenty comparable countries GDP-expenditure-on-health 1980-2013: The historic and continued low priority of UK health-related expenditure,2016,pubmed+scopus+wos,Article | Editorial Material | Journal Article
Barriers and Facilitators to Team-Based Care in the Context of Primary Care Transformation,2015,scopus+wos,Article
A review of supply chain innovation and healthcare performance in healthcare industry,2015,scopus,Review
Successful Implementation of Lean As A Managerial Principle in Health Care: A Conceptual Analysis from Systematic Literature Review,2018,pubmed+scopus+wos,Journal Article; Systematic Review | Review
"Application of Lean Manufacturing in Hospitals—the Need to Consider Maturity, Complexity, and the Value Concept",2016,scopus+wos,Article
The Finnish healthcare services lean management: Health services managers’ experiences in a special health care unit,2018,pubmed+scopus+wos,Article | Journal Article
Improving patient waiting time of centralized front office service in a regional hub hospital using the discrete event simulation model,2020,pubmed+scopus+wos,Article | Conference paper | Journal Article
Applying lean management to reduce radiology turnaround times for emergency department,2019,pubmed+scopus+wos,Article | Journal Article
"Discursive practice – lean thinking, nurses’ responsibilities and the cost to care",2018,pubmed+scopus+wos,Journal Article | Review
The promotion of BPM and lean in the health sector: main results,2018,scopus+wos,Review
Effectiveness of standardised preoperative assessment and patient instructions on admission blood glucose for patients with diabetes undergoing orthopaedic surgery at a tertiary referral hospital,2019,pubmed+scopus+wos,Article | Journal Article
The first evidence about conceptual vs analytical lean healthcare research studies,2020,pubmed+scopus+wos,Journal Article; Systematic Review | Review
Critical success factors for the successful initiation of Lean in public hospitals in KwaZulu-Natal: A factor analysis and structural equation modelling study,2019,pubmed+scopus+wos,Article | Journal Article; Observational Study
"The ‘patient voice’: patients who experience antidepressant withdrawal symptoms are often dismissed, or misdiagnosed with relapse, or a new medical condition",2020,pubmed+scopus+wos,Article | Journal Article
Situated valuations: Affordances of management technologies in organizations,2018,scopus+wos,Article
Lean management practices in healthcare sector: a literature review,2019,scopus+wos,Article | Review
An integrative approach to improving patient care pathways,2018,pubmed+scopus+wos,Article | Journal Article; Review
Implementing lean-led hospital design; lessons gained at a pioneer,2021,pubmed+scopus+wos,Article | Journal Article
Practicing Lean strategy: Hoshin Kanri and X-Matrix in a healthcare-centered simulation,2017,scopus,Article
Implementing the Lean Management System to Influence Unfinished Nursing Care,2021,scopus,Article
Quality improvement intervention to decrease prolonged mechanical ventilation after coronary artery bypass surgery,2016,pubmed+scopus+wos,Article | Journal Article
Sociotechnical aspects of lean and sustainability,2019,scopus,Article
Model of care for a changing healthcare system: Are there foundational pillars for design?,2016,pubmed+scopus+wos,Article | Journal Article | Review
Lean thinking for shortening the level of zoonotic corona-virus and its harmful effects of human’s fear in India,2021,scopus+wos,Article
A framework to guide the implementation of lean management in emergency department,2021,pubmed+scopus+wos,Article | Journal Article; Systematic Review
"Lean management in health care: effects on patient outcomes, professional practice, and healthcare systems",2020,scopus+wos,Article | Editorial Material
"PSCPF: planning, scheduling and control of patient flow",2021,scopus,Article
Improving Emergency Department radiology transportation time: A successful implementation of lean methodology,2017,pubmed+scopus+wos,Article | Journal Article
Effects of Lean Thinking and Emerging Technologies on Breast Cancer Patients' Therapeutic Process During COVID-19 Pandemic: A Case-Control Matched Study,2021,pubmed+scopus+wos,Article | Journal Article
Major barriers in Lean health care: an exploratory study in Uruguay,2018,scopus+wos,Article
From self-management to a systemized process: the implementation of lean management in a Chinese hospital’s pharmacy intravenous admixture services center,2020,pubmed+scopus+wos,Article | Journal Article
Literature review on lean healthcare implementation: Assessment methods and practices,2019,scopus,Article
From New Public Management to New Public Services: Challenges for Hospital Governance and Lean and Hybrid Management,2017,scopus+wos,Article; Book Chapter | Book chapter
"The effects of a lean transition on process times, patients and employees",2017,pubmed+scopus+wos,Article | Journal Article
Quality improvement in mental health services,2020,pubmed+scopus+wos,Article | Journal Article
High Reliability of Care in Orthopedic Surgery: Are We There Yet?,2016,pubmed+scopus+wos,Article | Journal Article; Review | Review
"Lean management in health care: Effects on patient outcomes, professional practice, and healthcare systems",2017,scopus,Article
"Increased effectiveness of urinalysis testing via the integration of automated instrumentation, the lean management approach, and autoverification",2020,pubmed+scopus+wos,Article | Journal Article
Current concept review: Quality and process improvement in orthopedics,2016,pubmed+scopus+wos,Journal Article; Review | Review
Implementing High-Value Care,2015,pubmed+scopus+wos,Article | Comparative Study; Journal Article; Observational Study
"Chasing the golden fleece: Increasing healthcare quality, efficiency and patient satisfaction while reducing costs",2019,scopus+wos,Review
Analyzing the role of lean management in health care: A systematic literature review,2018,scopus,Review
Using Lean & Safety project to develop safety medication,2020,scopus+wos,Article | Article; Proceedings Paper
Implementation of modern tools in autopsy practice—the way towards contemporary postmortal diagnostics,2019,pubmed+scopus+wos,Article | Journal Article
Has Lean improved organizational decision making?,2016,pubmed+scopus+wos,Article | Journal Article
Research on obstetric ward planning combining lean thinking and mixed-integer programming,2021,pubmed+scopus+wos,Article | Journal Article
Industrial engineering for healthcare management-example lean management and ict tools,2019,scopus,Review
Hospital-supplier integration and hospital performance: Evidence from Saudi Arabia,2018,scopus+wos,Article | Conference paper
"Lean healthcare: review, classification and analysis of literature",2016,scopus+wos,Article | Review
Safety improvements from health lean management implementation: Evidences from three cases,2016,scopus+wos,Article
International journal of health,2015,pubmed+scopus+wos,Article | Journal Article
Improving hospital performance by use of lean techniques: An action research project in Brazil,2015,scopus+wos,Article
Real-time culture change improves lean success: Sequenced culture change gets failing grades,2015,pubmed+scopus,Article | Journal Article
Does lean management improve patient safety culture? An extensive evaluation of safety culture in a radiotherapy institute,2015,pubmed+scopus+wos,Article | Journal Article
How to combine lean and safety management in health care processes: A case from Spain,2015,scopus+wos,Article
Manager traits and quality-of-care performance in hospitals,2015,pubmed+scopus+wos,Article | Journal Article
Mapping lean experiences and emerging connections with clinical risk management in italian context,2015,scopus+wos,Article
"Healthcare workers' perceptions of lean: A context-sensitive, mixed methods study in three Swedish hospitals",2015,pubmed+scopus+wos,"Article | Journal Article; Research Support, N.I.H., Extramural; Research Support, Non-U.S. Gov't"
Lean Six Sigma implementation and organizational culture,2015,pubmed+scopus+wos,Article | Journal Article
Quality measures for acute kidney injury and continuous renal replacement therapy,2015,pubmed+scopus+wos,"Journal Article; Research Support, Non-U.S. Gov't | Review"
Lean in healthcare: A comprehensive review,2015,pubmed+scopus+wos,Journal Article; Review | Review
"Regulating hospital social workers and nurses: Propping up an ""efficient"" lean health care system",2015,scopus,Review
Lost in translation: A case-study of the travel of lean thinking in a hospital,2015,pubmed+scopus+wos,Article | Journal Article
First evidences from “lean & safety” projects,2015,scopus,Article
LEAN: 4W & 1H of lean in medical facilities,2015,scopus,Article
Improving emergency department door to doctor time and process reliability: A successful implementation of lean methodology,2015,pubmed+scopus+wos,Article | Journal Article
Awareness of surgical costs: A multicenter cross-sectional survey,2015,pubmed+scopus+wos,Article | Journal Article; Multicenter Study
Development of efficient family intervention services: A whole systems approach,2015,scopus,Article
The Lean Librarian,2015,scopus,Article
Coordinating psychological therapy referrals in secondary care: Reflecting through a lean lens,2015,scopus,Article
"A decision support tool, implemented in a system dynamics model, to improve the effectiveness in the hospital emergency department",2015,scopus,Article
Comparative study: TQ and lean production ownership models in health services; [Estudo comparativo das formas de apropriação dos modelos da Qualidade Total e lean production nos serviços de saúde]; [Estudio comparativo de las formas de los modelos de propiedad de la Calidad Total y lean production en los servicios de salud],2015,pubmed+scopus+wos,Article | Comparative Study; Journal Article
LEAN & HEALTHCARE ORGANIZATIONS - A SYSTEMATIC LITERATURE REVIEW WITH BIBLIOMETRIC ANALYSIS ON APPLICATION OF LEAN HEALTHCARE IN BRAZIL,2016,wos,Review
Contributions of simulation in lean healthcare to combat Covid-19,2020,wos,Article
Using bandwidths to visualize and improve patient pathways,2018,wos,Article
A lean healthcare journey The Scottish experience,2016,wos,Article; Book Chapter
SIMULATION OF OPERATIONAL PROCESSES IN HOSPITAL EMERGENCY UNITS AS LEAN HEALTHCARE TOOL,2017,wos,Article
SYSTEMATIC REVIEW OF LEAN THINKING IN EDUCATION INSTITUTIONS,2021,wos,Review
Operationalizing the Quintuple Aim of Health System Improvement Through Equity-Oriented Health Care,2025,wos,Article
The impact of redesigning care processes on quality of care: a systematic review,2016,wos,Review
Benchmarking healthcare logistics processes - a comparative case study of Danish and US hospitals,2019,wos,Article
ATTITUDES OF LANDSPITALI'S MANAGERS TOWARD LEAN MANAGEMENT,2024,wos,Article
Quality improvement in physiotherapy services,2017,wos,Article
Application of lean Management Principles in Hospitals in Slovakia,2024,wos,Article
Material logistics in hospitals: A literature review,2017,wos,Review
A plan to transform primary and community care at Catalonia based on a process improvement methodology,2024,wos,Article
Exploring ``patient-centered'' hospitals: a systematic review to understand change,2017,wos,Review
"Perception of Lean Adoption among Emergency Department Personnel in Public Hospitals in Selangor, Malaysia",2024,wos,Article
How operations matters in healthcare standardization,2019,wos,Article
Creating Sustainable Improvements: Leveraging LMS and AONE's CIT Program,2019,wos,Article
Does organizational readiness matter in lean thinking practices? An agency perspective,2022,wos,Article
"Distributed leadership, team working and service improvement in healthcare",2015,wos,Article
The influence of soft and hard TQM on quality performance and patient satisfaction in health care: investigating direct and indirect effects,2022,wos,Article
The impact of lean management components on improved quality of public hospitals in Kohgiluyeh and Boyerahmad and Bushehr provinces,2016,wos,Article
Healthcare service quality: a methodology for servicescape re-design using Taguchi approach,2019,wos,Article
"Making care organizations great again? A comparison of Care Pathways, Lean Thinking, Relational Coordination, and Modern Sociotechnical Design",2017,wos,Article
"A realist synthesis of quality improvement curricula in undergraduate and postgraduate medical education: what works, for whom, and in what contexts?",2021,wos,Review
Applying Lean Design Principles to a Gastrointestinal Endoscopy Program for Uninsured Patients Improves Health Care Utilization,2015,wos,Article
Positive lean: merging the science of efficiency with the psychology of work,2018,wos,Article
Quality improvement in academic medical centres: a resident perspective,2015,pubmed+wos,Editorial Material | Journal Article
Applying Sociotechnical Systems Theory to Examine the Values of Lean Practices in the Context of Container Shipping,2021,wos,Article
"Reported implementation lessons from a national quality improvement initiative; Productive Ward: Releasing Time to Care. A qualitative, ward-based team perspective",2017,wos,Article
Malay Language Translation of an Instrument to Assess Perception of Lean Adoption in Healthcare Service,2024,wos,Article
A discrete event simulation model to evaluate the treatment pathways of patients with cataract in the United Kingdom,2018,wos,Article
Lean Approach to Processes Regarding Nursing Activities at Hospital: Evaluation of Nurses' Views,2020,wos,Article
Implementation of a ``lean' cytopathology service: towards routine same-day reporting,2018,wos,Article
How can general leadership theories help to expand the knowledge of lean leadership?,2019,wos,Article
Organization processes and artificial intelligence (AI) for healthcare processes reorganization: a case study,2025,wos,Article
Soft lean practices and organizational resilience in the service sector,2024,wos,Article
Differentiating between detrimental and beneficial interruptions: a mixed-methods study,2016,pubmed+wos,Article | Journal Article; Observational Study
Tracing the lean thinking in supply chain management: a comprehensive main path analysis,2023,wos,Article
Workflow Redesign in a Quality-Improvement Modality,2019,wos,Article; Book Chapter
When Illegitimate Tasks Threaten Patient Safety Culture: A Cross-Sectional Survey in a Tertiary Hospital,2023,wos,Article
A retrospective cohort study evaluating the improvement of medical records management based on whole-process control,2023,wos,Article
Effect of Internal Quality Planning using Sigma Metrics in Lean Management of a Clinical Chemistry Laboratory: An Analytical Study,2024,wos,Article
LEAN Methodology to Improve Endoscopy Unit Efficiency in a Multi-subspecialty Ambulatory Surgery Center: A Pilot Study,2024,pubmed+wos,Article | Journal Article
"Improving Hospital Efficiency Through Data-Driven Management: A Case Study of Health First, Florida.",2016,pubmed,Journal Article
Lean thinking in the hospital setting - Results of a systematic review of literature.,2019,pubmed,Journal Article; Systematic Review
Lean management and medical laboratory: application in transfusionnal immuno-hematology.,2017,pubmed,Journal Article
Leadership in Zeiten von Corona: Die Perspektive von Pflegenden und Hebammen in einem Universitätsspital.,2021,pubmed,Journal Article
"Achieving High Reliability with People, Processes, and Technology.",2017,pubmed,Journal Article
,2022,pubmed,Review; Book
Screening and Treating Hepatitis C in the VA: Achieving Excellence Using Lean and System Redesign.,2018,pubmed,Journal Article
Application of lean management in operating room nursing and its impact on improving the on-time start rate of the first scheduled surgery: A pre-post study.,2026,pubmed,Journal Article
(P123) Reducing Time From Patient CT Simulation (CT SIM) Appointment Time to Start of Actual CT Scan: Lean Thinking in the VA System.,2015,pubmed,Journal Article
