titulo,ano,tipo
Exploring Patient-Centered Care Through Process Improvement: A Systematic Review of Satisfaction Outcomes,2024,Article
Industrial engineering solutions enhance operational efficiency in human and veterinary hospitals: a scoping review,2026,Article
Lean Six Sigma interventions for enhancing patient safety-related outcomes: a systematic review,2025,Review
Augmenting healthcare systems for pandemic preparedness: a Lean Six Sigma perspective,2026,Review
Reducing patient waiting times in operating theatres via Lean 4.0: a qualitative study,2026,Article
Study on Lean Six Sigma methodology from the Indian context: an investigation of literature,2024,Review
Towards the development of a system-wide quality improvement maturity model: a synthesis using systematic review and expert opinion,2024,Article
Improving the Waiting Time in Outpatient Clinics Using Lean Approach in Hospital: A Systematic Review,2024,Article
"Lean Six Sigma in Healthcare: A Systematic Literature Review on Challenges, Organisational Readiness and Critical Success Factors",2022,Review
Improving laboratory turnaround times in clinical settings: A systematic review of the impact of lean methodology application,2024,Article
Integrating Lean Six Sigma into Microbiology Laboratories: Insights from a Literature Review,2025,Review
Strategies for successful deployment and sustainment of Lean Six Sigma in healthcare sector in India: a multi-level perspective,2023,Article
Cost-saving strategies for sustainable surgical care: a scoping review of efficiency models and potential approaches for low-income and middle-income countries,2026,Article
Can Quality Improvement Methodologies Derived from Manufacturing Industry Improve Care in Cardiac Surgery? A Systematic Review,2022,Review
Investigating the application of lean tools in the design of healthcare facilities,2024,Article
Integrated Lean Six-Sigma 4.0 operational excellence: a fuzzy social networks hybrid MCDM model to assess tourism organisations’ resilience,2025,Article
Assessing nuclear medicine practices: a critical evaluation of QUANUM through a quality improvement perspective and its wider relevance,2024,Review
Toward a roadmap for sustainable lean adoption in hospitals: a Delphi study,2024,Article
Lean–Agile Product Development in FDA Relevant and Regulated Medical Device Contexts,2026,Review
Engaging the Front Line: A Case Study on Implementing Lean Methodology to Improve Central Line-Associated Bloodstream Infections,2022,Review
Enhancing Patient-Centered Care Through Process Improvement: A Systematic Review of Patient Satisfaction Outcomes,2024,Article
Improving performance in radiation oncology: An international systematic review of quality improvement interventions,2025,Review
Empirical analysis of Lean Six Sigma implementation barriers in healthcare sector using fuzzy DEMATEL approach: an Indian perspective,2023,Article
The Impact of Pandemic-Driven Care Redesign on Hospital Efficiency,2024,Review
Prioritization of critical success factors for sustainable Lean Six Sigma implementation in Indian healthcare organizations using best-worst-method,2023,Article
"The quality of service and supply chain effectiveness of high-level hospitals in Cali, Colombia",2024,Article
"Common Quality Improvement Methodologies Including the Model for Improvement, Lean, and Six Sigma",2023,Review
Translation of Evidence-Based Interventions Into Oncology Care Settings: An Integrative Review,2023,Article
More Than EEG Electrodes: Building Safer Neurodiagnostic Care Through Psychological Safety and Lean Six Sigma Methodology,2025,Review
"Lean applications across the healthcare ecosystem: Value creation, destruction and a research agenda",2025,Article
Lean Six Sigma case studies literature overview: critical success factors and difficulties,2023,Review
Revisiting literature on building quality of healthcare facilities between developed and developing countries: scoping review,2026,Review
A conceptual model for evaluating readiness for lean practices using a fuzzy logic approach: A case study in Bangladeshi healthcare institutes,2024,Article
"Lean, Six Sigma, and Simulation: Evidence from Healthcare Interventions",2022,Review
Quality management tools applied to drug dispensing in hospital pharmacy: A scoping review,2023,Review
Lean Six Sigma in Healthcare: A Systematic Literature Review on Motivations and Benefits,2022,Review
Hospital Access Block: A Scoping Review,2022,Article
REDUCING HOSPITAL OUTPATIENT WAITING TIME USING LEAN SIX SIGMA: A SYSTEMATIC REVIEW; [Reduksi Waktu Tunggu Rawat Jalan di Rumah Sakit dengan Lean Six Sigma: Systematic Review],2023,Review
"Hybrid innovation models for productivity growth: the role of Lean, Six Sigma and Industry 4.0 integration",2026,Review
Lean Methodologies in Healthcare. A Proposal for an Analytical-Conceptual Map to Systematize Its Impact and Results; [Metodologias Lean em saúde: Proposta de mapa analítico-conceitual para sistematizar seu impacto e resultados]; [Metodologías Lean en salud. Propuesta de mapa analítico-conceptual para sistematizar su impacto y resultados],2024,Article
Implementing Lean Six Sigma in health care: a review of case studies,2023,Review
DMAIC in improving patient care processes: evaluation based on a systematic review from the perspective of Lean Six Sigma in healthcare,2023,Article
Integrated Green Lean Six Sigma-Industry 4.0 approach to combat COVID-19: from literature review to framework development,2024,Article
Foundations to frontiers: Charting the evolution of healthcare operations management and the patient journey,2026,Review
Learning Improvement Science: Application of Lean Methodology to Behavioral Health Settings,2026,Review
Modelling of lean six sigma 4.0 implementation barriers in Indian micro-small and medium-sized industries: an ISM-MICMAC approach,2025,Article
The role of leadership and cultural barriers in the adoption of lean six sigma in clinical pharmacy practice and medicine waste reduction. The case of NHS-UK,2025,Article
Continuous Quality Enhancement in Clinical Diagnostic Laboratories Through Lean and Six Sigma Methodologies: A Narrative Review,2026,Review
Analyzing critical success factors of Lean Six Sigma for implementation in Indian manufacturing MSMEs using best-worst method,2024,Article
Integrating Lean Six Sigma with blockchain technology for quality management – a scoping review of current trends and future prospects,2023,Article
Organizational excellence in the digital era: a bibliometric and thematic analysis,2026,Article
Hospitals Bending the Cost Curve With Increased Quality: A Scoping Review Into Integrated Hospital Strategies,2022,Review
The sustainability of lean implementations at the hospitals of Ministry of Health Malaysia: A study protocol,2023,Article
An Exploratory Study of Dynamic Capabilities and Performance Improvement in Hospitals,2024,Article
Lean Six Sigma Projects and the Impact to Patient Satisfaction in United States Healthcare Settings: A Systematic Literature Review,2026,Article
Digital twins in healthcare through a lean perspective: a systematic review of patient value and continuous improvement,2026,Review
Operative efficiency in autologous breast reconstruction: a systematic review,2024,Review
Development of a Robust Point of Care Testing Program in Newfoundland and Labrador Using Lean Method of Rapid Process Improvement Workshop (RPIW),2026,Review
Patient-Centered Care and Process Improvement: A Systematic Review of Impacts on Satisfaction Outcomes,2024,Article
Investigating the effect of Lean Six Sigma method on the observance of performance standards in the central sterilization unit of the operating room,2022,Review
Impact of lean six sigma methodology on healthcare quality in Saudi Arabia: A systematic review,2026,Review
Preliminary Framework for Lean Supply Chain Integration Assessment Index in the Healthcare Sector,2025,Article
Lean and Six Sigma as continuous quality improvement frameworks in the clinical diagnostic laboratory,2023,Review
Readiness level assessment for lean Six Sigma implementation in the healthcare sector,2024,Article
An evaluation of Lean and Six Sigma methodologies in the national health service,2023,Article
Technologies and management strategies for improving operational efficiency in operating theatres: A scoping review,2026,Review
Engaging Radiology Nurses in Quality Improvement Projects in a Women's Specialty Hospital,2022,Review
"Working together to achieve greater quality and safety in healthcare; interweaving Quality Improvement, Lean Six Sigma and Human Factors Ergonomics: a viewpoint paper",2025,Review
"Impact of tyrosine kinase inhibitors on disease control, survival, and safety in adenoid cystic carcinoma: A systematic review and meta-analysis",2026,Review
State of the art review: enhanced recovery after surgery (eras) protocols in adolescent idiopathic scoliosis,2026,Review
A systematic review of Lean in healthcare: a global prospective,2019,Review
Realigning Shared Governance With Magnet® and the Organization's Operating System to Achieve Clinical Excellence,2018,Review
Application of integrated Lean Six Sigma quality healthcare system practice in Indian healthcare,2022,Article
The use of lean methodology in healthcare settings in developing countries: A narrative review,2020,Review
Network implementation of guideline for early detection decreases age at cerebral palsy diagnosis,2020,Article
Implementation of sustainable manufacturing practices in Indian manufacturing companies,2018,Article
Annotated methodological review of Lean Six Sigma,2018,Review
"The Role of Potentially Modifiable Factors in a Standard Work Protocol to Decrease Complications in Adult Spinal Deformity Surgery: A Systematic Review, Part 1",2019,Article
Eliminating patient identified barriers to decrease medicaid inpatient admission rates and improve quality of care,2020,Article
Revealing research trends and themes in Lean Six Sigma: from 2000 to 2016,2018,Review
Effectiveness of the Lean process compared to other quality improvement initiatives on length of stay and wait times in healthcare organizations: a systematic review protocol,2018,Article
"Application of lean principles to neurosurgical procedures: The case of lumbar spinal fusion surgery, a literature review and pilot series",2018,Article
Critical review of literature on Lean Six Sigma methodology,2020,Review
Lean Six Sigma methodology application in health care settings: an integrative review; [Aplicação da metodologia Lean Seis Sigma nos cenários de assistência à saúde: revisão integrativa]; [Aplicación de la metodología Lean Seis Sigma en salud: revisión integrativa],2020,Review
Development of a Green Lean Six Sigma model for public sectors,2018,Article
Hepatitis C Care in the Department of Veterans Affairs: Building a Foundation for Success,2018,Review
Development and validation of DMAIC based framework for process improvement: a case study of Indian manufacturing organization,2021,Article
"Data warehouse strategies and the modern anatomic pathology laboratory: Quality management, patient safety, and pathology productivity issues and opportunities",2019,Review
Lean Process Improvement in the Emergency Department,2020,Review
Literature review: Continuous improvement through Lean Six Sigma,2019,Review
Process mining and lean six sigma: a novel approach to analyze the supply chain quality of a hospital,2022,Article
Lean in Healthcare: Time for Evolution or Revolution?,2021,Article
Coproduction of a theory-based digital resource for unpaid carers (The Care Companion): Mixed-methods study,2018,Article
Modeling critical success factors for sustainable LSS implementation in hospitals: an empirical study,2022,Article
The sustainability of Lean in pediatric healthcare: A realist review,2018,Article
Discrete-event simulation modeling in healthcare: A comprehensive review,2021,Review
"Six sigma in health literature, what matters?",2021,Article
Lean and digitalization synergy: evaluation of human dimension in healthcare,2022,Review
A comprehensive review on strategies for new drug discovery and enhanced productivity in research and development: Recent advancements and future prospectives,2021,Review
On the application of Lean principles and practices to innovation management: A systematic review,2019,Article
An industrial approach towards solid dosage development for first-in-human studies: Application of predictive science and lean principles,2020,Review
Improving Total Joint Replacement with Continuous Quality Improvement Methods and Tools,2018,Review
A systematic literature review of empirical research in Lean and Six Sigma in healthcare,2020,Review
Reducing medication errors using LSS Methodology: A systematic literature review and key findings,2020,Article
Lean Six Sigma and anesthesia; [Lean Seis Sigma e anestesia],2019,Review
Standardization of Procedures to Contain Cost and Reduce Variability of Care After the Pandemic,2021,Review
A structured review of Lean Six Sigma in various industrial sectors,2019,Review
Knowledge-based lean six sigma system for enhancing quality management performance in healthcare environment,2019,Review
Improving patient flow in diagnostic imaging: a case report,2020,Article
Fuzzy TISM and DEMATEL approach to analyse lean variables in Indian healthcare industry,2022,Article
Lean Methodology in Health Care,2018,Review
Lean Six Sigma as an organizational resilience mechanism in health care during the era of COVID-19,2020,Article
Integrating DMAIC approach of Lean Six Sigma and theory of constraints toward quality improvement in healthcare,2019,Review
American Society for Enhanced Recovery and Perioperative Quality Initiative Joint Consensus Statement on Perioperative Management of Patients on Preoperative Opioid Therapy,2019,Review
"A systematic review of empirical studies pertaining to Lean, Six Sigma and Lean Six Sigma quality improvement methodologies in paediatrics",2021,Review
Lean implementation in healthcare supply chain: a scoping review,2019,Review
Organizational issues for the lean success in China: Exploring a change strategy for lean success,2019,Article
Quality improvement methods – Part II,2019,Review
New Evidence of Lean Leadership in Healthcare Institutions; [Nuevas evidencias sobre el liderazgo Lean en instituciones sanitarias],2020,Review
Approaches to the rationalization of surgical instrument trays: scoping review and research agenda,2021,Article
Quality Improvement Methodologies: Principles and Applications in the Pediatric Emergency Department,2018,Review
Modelling of readiness factors for the implementation of Lean Six Sigma in healthcare organizations,2020,Article
Pharmacist prescribing within an integrated health system in Washington,2016,Review
Systematic Review of the Application of Lean and Six Sigma Quality Improvement Methodologies in Radiology,2016,Article
Improving a dental school's clinic operations using lean process improvement,2016,Review
Medical and scientific writing: Time to go lean and mean,2017,Review
Lean Six Sigma: a categorized review of the literature,2016,Review
Team care approach to population health and care management,2017,Review
Continuous improvement projects: an authorship bibliometric analysis,2017,Review
Perioperative surgical home. Meeting tomorrow’s challenges; [Îngrijirea perioperatorie – faţă în faţă cu provocările de mâine],2016,Review
Combined phacovitrectomy in the UK: A lean perspective,2017,Review
Partial and iterative lean implementation: Two case studies,2015,Article
Improving health care: the benefits and pitfalls of lean processes in the NHS,2017,Review
Lean production in complex socio-technical systems: A systematic literature review,2017,Review
A review of the quality evolution in various organisations,2017,Review
Quality improvement in pediatric surgery,2016,Review
Using lean process improvement to enhance safety and value in orthopaedic surgery: The case of spine surgery,2017,Review
Decreasing IV infiltrates in the pediatric patient – System-based improvement project,2016,Review
A case study of kanban implementation within the pharmaceutical supply chain,2016,Article
Effects of organizational context on Lean implementation in five hospital systems,2016,Review
Using LSS DMAIC in improving emergency department waiting time,2015,Review
Exploring “patient-centered” hospitals: a systematic review to understand change,2017,Article
The use of Lean and Six Sigma methodologies in surgery: A systematic review,2015,Review
Working toward quality in obstetric anesthesia: A business approach,2017,Review
Waste in health information systems: a systematic review,2017,Article
Getting it right for patient safety: Specimen collection process improvement from operating room to pathology,2016,Review
